Time Taken(s), Train Losses
175862, 0.6824088330384781
366948, 0.67139030513701559
50410, 0.66102570965979024
349567, 0.65142402741048722
34629, 0.64232277153870521
